time,message
2026-02-24T22:38:22Z,Start time was: 2026-02-24 15:38:22.879511
2026-02-24T22:38:22Z,For 2018 in en there are: 0
2026-02-24T22:38:23Z,For 2019 in en there are: 2
2026-02-24T22:38:23Z,Uploading resource for 19-077 from path output/en/2019/19-077.html
2026-02-24T22:38:24Z,Uploading resource for 19-030 from path output/en/2019/19-030.html
2026-02-24T22:38:25Z,For 2020 in en there are: 2
2026-02-24T22:38:25Z,Uploading resource for 20-321 from path output/en/2020/20-321.html
2026-02-24T22:38:25Z,Uploading resource for 20-016 from path output/en/2020/20-016.html
2026-02-24T22:38:26Z,For 2021 in en there are: 1
2026-02-24T22:38:26Z,Uploading resource for 21-020 from path output/en/2021/21-020.html
2026-02-24T22:38:27Z,For 2018 in fr there are: 2
2026-02-24T22:38:28Z,Uploading resource for 18-254 from path output/fr/2018/18-254.html
2026-02-24T22:38:28Z,Uploading resource for 18-004 from path output/fr/2018/18-004.html
2026-02-24T22:38:29Z,For 2019 in fr there are: 0
2026-02-24T22:38:29Z,For 2020 in fr there are: 1
2026-02-24T22:38:30Z,Uploading resource for 20-284 from path output/fr/2020/20-284.html
2026-02-24T22:38:30Z,For 2021 in fr there are: 2
2026-02-24T22:38:31Z,Uploading resource for 21-252 from path output/fr/2021/21-252.html
2026-02-24T22:38:32Z,Uploading resource for 21-122 from path output/fr/2021/21-122.html
2026-02-24T22:38:33Z,End time was: 2026-02-24 15:38:33.057445
2026-02-24T22:38:33Z,Elapsed time was: 0 hours
